System,Mutant,ddG rounded,bootstrap CI,std error rounded,Empirical value,prediction error
hu4D5-5,VL-R66G ,-1.5898,1.085,1.4621,0.22,1.8098
hu4D5-5,VH-W95A,3.6302,0.681,1.0522,5.07,1.4398
mab2,VH T to Y mutation,1.2838,0.701,0.6255,0,1.2838
hu4D5-5,VL-T31A,-0.4702,0.413,0.2359,0.80,1.2702
mab1,VH N to Q mutation,0.3065,0.693,0.7499,-0.95,1.2565
hu4D5-5,VL-E55Y ,-1.2841,1.074,0.6938,-0.18,1.1041
hu4D5-5,VL-F53N,0.3397,0.582,0.4593,1.19,0.8503
hu4D5-5,VH-R50A,3.9501,0.979,1.2189,4.58,0.6299
mab2,VH G to E mutation ,0.629,1.09,0.332,0,0.629
mab3,VH-Met oxidation #2,-0.4782,0.249,0.4858,0,0.4782
hu4D5-5,VH-A78L ,0.3769,0.469,0.2913,0,0.3769
mab3,VH-Met oxidation,0.3683,0.276,0.3475,0,0.3683
hu4D5-5,VL-Y92A,1.7234,0.635,0.7122,1.36,0.3634
mab1,VH-G to S mutation,-1.5941,0.474,0.56,-1.36,0.2341
hu4D5-5,VH-Y100aA,4.0076,0.623,1.1932,4.23,0.2224
mab3,VL-Met oxidation,0.1884,0.212,0.174,0,0.1884
hu4D5-5,VH-F100A,1.3054,0.523,0.3405,1.16,0.1454
hu4D5-5,VL-T93A,0.9718,0.387,0.3424,0.83,0.1418
hu4D5-5,VL-H91A,3.2722,0.509,1.4084,3.15,0.1222
hu4D5-5,VH-V102Y,0.0085,0.596,0.583,0,0.0085
mab2,VL Y to R mutation ,0.1564,1.032,0.4949,< -0.82,
mab1,VL Y to A mutation,3.5358,0.593,0.8492,> 1.36,
mab1,VH-G to A mutation,1.0614,0.356,0.58,"""Complete loss of binding affinity""",
