mutation,mean,std,low_ci,high_ci,empirical value
VH-W95A,3.631931267,0.3459253165,0.6740650828,0.6809395951,5.07
VH-R50A,3.944165552,0.5050844771,0.979121339,0.9615443649,4.58
VH-Y100aA,3.989842259,0.3163465566,0.622518216,0.6188872382,4.23
VL-H91A,3.276268226,0.2541220305,0.5064689513,0.5093184906,3.15
VL-Y92A,1.739452116,0.3181142021,0.6083188825,0.6349827936,1.36
VL-F53N,0.3423242026,0.2998338974,0.5815544411,0.5683586181,1.19
VH-F100A,1.301438341,0.2644468062,0.5148728137,0.523369879,1.16
VL-T93A,0.9717663728,0.1975136607,0.3867893407,0.3871643107,0.83
VL-T31A,-0.4716816801,0.208045007,0.4089438323,0.4127478648,0.80
VL-R66G,-1.596617522,0.5417980559,1.04422046,1.085006605,0.22
VH-V102Y,0.003130403905,0.3023501151,0.5836214189,0.5959179124,0
VH-A78L,0.3765181704,0.2449075877,0.4596337461,0.4686800469,0
VL-E55Y,-1.283003579,0.5384918793,1.073918046,1.02909867,-0.18
