System,Original Prediction (kcal/mol),bootstrapped original confidence interval,Corrected prediction (kcal/mol),Bootstrapped corrected confidence interval,Standard error,Empirical value (kcal/mol),Model R^2
VH-W95A,3.19,0.707,4.63,0.467,1.41,5.07,0.53
VL-F53N,-0.56,0.566,-0.56,0.566,0.35,1.19,0.64
VH-R50A,2.98,1.015,5.14,1.053,1.77,4.58,"0.73 (crg), 0.59 (vdw)"
VL-E55Y ,-1.44,1.085,-0.81,1.080,0.86,-0.18,"0.59 (crg), 0.33 (vdw)"
VL-T31A,-0.15,0.447,0.24,0.359,0.26,0.80,0.43
VL-R66G ,-0.71,1.08,-0.22,0.704,1.90,0.22,"0.66 (crg), 0.53 (vdw)"
VH-F100A,1.67,0.514,1.67,0.514,0.67,1.16,0.29
VH-A78L ,0.43,0.485,0.43,0.485,0.41,0,0.10
VH-Y100aA,4.55,0.645,4.25,0.544,1.60,4.23,0.59
VL-H91A,3.36,0.484,3.36,0.484,0.84,3.15,0.34
VL-T93A,1.01,0.394,1.01,0.394,0.32,0.83,0.34
VH-V102Y,-0.05,0.559,-0.05,0.559,0.65,0,0.34
VL-Y92A,1.35,0.66,1.81,0.545,1.49,1.36,0.64
